1_cos,1_eout,yerror
0.18084766,0.057803468,0.000803193
0.357211826,0.058003468,0.001443232
0.57738087,0.058479532,0.001445075
0.826350661,0.059171598,0.000824155
1.087154348,0.05988024,0.0009875
1.342018619,0.060240964,6.30089E-05
1.573574927,0.06097561,0.000580862
1.766043116,0.061349693,0.000549657
1.906306821,0.061349693,0.000848668
